community_id,name,title,description,rules,creator_id,moderators,members_count,is_private,created_at
C001,explain1,Explain1 Community,Imagine affect increase candidate environment out wish.,No spam; Be respectful; No hate,U02767,U01604,14993,True,2025-07-05
C002,friend2,Friend2 Community,Determine adult foot as explain Republican step onto.,No spam; Be respectful; No hate,U02162,"U00608,U01455",12926,False,2024-12-25
C003,prove3,Prove3 Community,Forget home upon actually future get know left sea decision recently pull eight allow system whose.,No spam; Be respectful; No hate,U01766,U00424,5303,False,2025-03-07
C004,program4,Program4 Community,No generation debate world hard factor firm purpose ahead person coach goal it yet.,No spam; Be respectful; No hate,U01195,"U00657,U00841,U00852",1053,False,2025-02-25
C005,agency5,Agency5 Community,News make doctor TV capital parent sure best design yeah number.,No spam; Be respectful; No hate,U00176,"U01630,U01021",1100,False,2025-01-29
C006,could6,Could6 Community,Short worker without nearly goal design too everything side.,No spam; Be respectful; No hate,U02865,U02368,5493,False,2025-05-10
C007,professor7,Professor7 Community,Professional rather plan player maybe mouth different identify.,No spam; Be respectful; No hate,U02289,U02095,15330,False,2025-10-13
C008,something8,Something8 Community,Experience under church them hundred about stop several prevent raise better oil individual industry.,No spam; Be respectful; No hate,U00702,U00162,15506,False,2025-02-09
C009,current9,Current9 Community,Peace catch people your outside rule watch.,No spam; Be respectful; No hate,U02150,U00341,5678,False,2024-06-27
C010,garden10,Garden10 Community,Economic notice line before have sea third pressure need tell sure claim hard themselves compare view.,No spam; Be respectful; No hate,U02934,"U01447,U01191",17900,False,2024-05-22
C011,will11,Will11 Community,Follow fall thus debate leave each owner wrong someone win.,No spam; Be respectful; No hate,U00011,"U00548,U00027",2148,False,2025-10-18
C012,month12,Month12 Community,Sound study the training each reveal attorney security.,No spam; Be respectful; No hate,U00093,"U01209,U00565,U02232",15449,False,2025-06-07
C013,rest13,Rest13 Community,Term yet television audience indicate employee respond building since positive move agency lose.,No spam; Be respectful; No hate,U00285,"U02793,U02935",5298,False,2025-06-26
C014,she14,She14 Community,Fall huge state shoulder guy respond memory power.,No spam; Be respectful; No hate,U01761,U02578,13011,False,2024-05-01
C015,later15,Later15 Community,Billion suggest serious often social reveal hand prevent center.,No spam; Be respectful; No hate,U02559,"U02993,U01341,U01448",10929,False,2025-07-04
C016,eight16,Eight16 Community,Decide best politics available tonight man each employee far know skin record nothing organization.,No spam; Be respectful; No hate,U00080,U01489,2696,True,2024-03-30
C017,sort17,Sort17 Community,Challenge eye determine he guy fact war citizen plant.,No spam; Be respectful; No hate,U02534,"U02821,U02203",8436,False,2024-04-10
C018,may18,May18 Community,Pull child source campaign parent teacher either direction surface on chance activity hair.,No spam; Be respectful; No hate,U01759,U00852,1611,True,2024-11-20
C019,movie19,Movie19 Community,Image peace color general choose system fire hear tend magazine college moment compare today add.,No spam; Be respectful; No hate,U00044,"U00552,U00529",7934,False,2024-04-29
C020,your20,Your20 Community,Garden finally difference everything sing smile practice ground.,No spam; Be respectful; No hate,U02680,"U00946,U00012,U02890",6289,False,2025-06-14
C021,machine21,Machine21 Community,Tree trade style suffer situation model direction dark professional huge better forget attack network movement.,No spam; Be respectful; No hate,U00584,"U01125,U00809,U01872",10892,False,2025-03-22
C022,site22,Site22 Community,Their wife argue note easy eight school ready practice each ready lay American participant necessary.,No spam; Be respectful; No hate,U00470,"U02348,U00580",18408,True,2025-04-15
C023,benefit23,Benefit23 Community,Safe true town car few debate during seven local better.,No spam; Be respectful; No hate,U00459,"U02906,U01624",7295,False,2025-10-14
C024,upon24,Upon24 Community,Five plant cultural bring bar culture my.,No spam; Be respectful; No hate,U01747,"U01580,U02287,U01931",10062,True,2024-06-09
C025,dinner25,Dinner25 Community,Maintain notice ok technology born though since crime south pass lead a senior over manage computer.,No spam; Be respectful; No hate,U00006,"U01532,U01141",8331,False,2024-01-15
C026,movement26,Movement26 Community,Method week federal test eat every night final key with watch maintain five window.,No spam; Be respectful; No hate,U01596,U01786,12861,False,2024-12-26
C027,many27,Many27 Community,Clear assume it fight understand kitchen point Mrs consumer single several degree maybe floor.,No spam; Be respectful; No hate,U00018,U02809,17960,False,2025-09-04
C028,nice28,Nice28 Community,Bill feel participant number choice choose short skill system particular church what wonder president.,No spam; Be respectful; No hate,U01357,"U00113,U00409,U01349",3162,False,2024-08-20
C029,story29,Story29 Community,Sister especially usually line task field certain free government seat last interesting hour.,No spam; Be respectful; No hate,U00585,"U01692,U02840,U00697",16949,True,2024-04-10
C030,key30,Key30 Community,Several identify why government south window short.,No spam; Be respectful; No hate,U01212,U00488,11802,True,2025-09-27
C031,after31,After31 Community,Decade respond far health focus so for nice current Democrat.,No spam; Be respectful; No hate,U00075,"U02498,U01671,U02521",18830,False,2024-11-18
C032,most32,Most32 Community,Task blood during for look return like wife animal process reach training main.,No spam; Be respectful; No hate,U00405,"U02945,U00800,U00501",10860,False,2025-07-04
C033,far33,Far33 Community,Only arrive argue garden Mrs just exist line thing available with run station them operation off.,No spam; Be respectful; No hate,U01358,"U00655,U02860",8063,False,2024-04-13
C034,or34,Or34 Community,Just foreign national produce news stage ready cell.,No spam; Be respectful; No hate,U02707,"U00197,U01329,U02062",18014,False,2024-12-20
C035,speech35,Speech35 Community,That recognize school whatever guess significant section Democrat.,No spam; Be respectful; No hate,U02654,"U02605,U01246",7750,False,2024-07-29
C036,full36,Full36 Community,Direction gun current will else page usually cell politics interview south something story art.,No spam; Be respectful; No hate,U00235,"U02921,U01254,U02036",13307,False,2024-09-20
C037,music37,Music37 Community,Administration join allow mean sometimes so man offer plant same north wind.,No spam; Be respectful; No hate,U02771,U02441,11981,True,2024-03-23
C038,statement38,Statement38 Community,Mother sometimes suffer because two particular year sell.,No spam; Be respectful; No hate,U00357,U01351,5265,False,2024-09-05
C039,speak39,Speak39 Community,Stand letter threat yes charge form consider offer law sit science way threat.,No spam; Be respectful; No hate,U02075,"U01784,U00744,U01897",14642,False,2025-03-04
C040,interest40,Interest40 Community,Family perhaps hope across follow character talk once should mother president customer start understand throw.,No spam; Be respectful; No hate,U02205,U01647,1373,False,2024-12-11
C041,senior41,Senior41 Community,Check significant deal consider ago own suddenly single music west force firm discover decade field.,No spam; Be respectful; No hate,U01132,"U02407,U00077,U00975",701,False,2024-10-05
C042,language42,Language42 Community,Do turn sign agree there want but way agent test take.,No spam; Be respectful; No hate,U02186,"U00029,U02895,U02429",15480,False,2025-02-26
C043,detail43,Detail43 Community,Any just cup side opportunity by wide medical official might clear decide.,No spam; Be respectful; No hate,U01769,U01268,4350,False,2024-06-20
C044,yeah44,Yeah44 Community,Scientist group yet indeed decision before medical long meet war administration herself information which.,No spam; Be respectful; No hate,U01508,"U01346,U02835,U01209",11992,False,2024-05-20
C045,black45,Black45 Community,Growth finally assume watch present director red practice special then administration who.,No spam; Be respectful; No hate,U00186,"U01445,U02309",13378,False,2024-12-11
C046,show46,Show46 Community,Animal suggest concern act million cell like although other decide science fall.,No spam; Be respectful; No hate,U02032,"U02488,U00362,U00439",6222,False,2025-04-05
C047,prepare47,Prepare47 Community,Statement information company million character speak protect half understand skill air daughter idea.,No spam; Be respectful; No hate,U02246,U00076,10058,False,2024-12-29
C048,hour48,Hour48 Community,Perform agreement ago agreement like same certain imagine much several reveal.,No spam; Be respectful; No hate,U01687,U01812,8245,False,2025-06-14
C049,condition49,Condition49 Community,Beyond give development information at why less indeed together.,No spam; Be respectful; No hate,U00427,U01594,68,False,2025-10-21
C050,less50,Less50 Community,Tax speak a live tonight either follow music whatever.,No spam; Be respectful; No hate,U01461,"U02337,U01904,U00160",3622,False,2025-05-27
C051,relate51,Relate51 Community,Local see system cultural despite candidate walk difficult.,No spam; Be respectful; No hate,U00688,U00477,6770,False,2025-07-04
C052,beautiful52,Beautiful52 Community,Response executive past economic economy role feeling report.,No spam; Be respectful; No hate,U02137,"U01540,U00249,U00032",16893,False,2024-12-22
C053,maintain53,Maintain53 Community,Mind officer third service capital instead product often various alone town his answer cup consider central.,No spam; Be respectful; No hate,U01773,"U00289,U00533,U02751",16682,False,2025-02-04
C054,along54,Along54 Community,Class follow occur low gas pick stage officer later Democrat.,No spam; Be respectful; No hate,U02404,"U02956,U00931,U00029",16297,False,2024-03-23
C055,pretty55,Pretty55 Community,National brother evidence shoulder under front throughout effort southern maintain nature.,No spam; Be respectful; No hate,U00479,"U01010,U02993,U02344",19851,False,2025-01-07
C056,record56,Record56 Community,Property garden mind as half politics who call.,No spam; Be respectful; No hate,U02365,"U00519,U01911,U00431",10809,False,2024-02-07
C057,dream57,Dream57 Community,Store build require call girl laugh network vote whom will consumer star those memory.,No spam; Be respectful; No hate,U00903,U02134,15967,False,2025-02-07
C058,change58,Change58 Community,Simply cup seat moment sister none most another mouth much.,No spam; Be respectful; No hate,U02772,"U00597,U02103",12026,False,2025-03-11
C059,rule59,Rule59 Community,Coach city quite play teacher difficult us respond must western interest dark any wide husband.,No spam; Be respectful; No hate,U02519,"U01625,U02100,U02671",3487,False,2025-08-18
C060,in60,In60 Community,Will throw life carry visit a edge new find type party where arrive improve century.,No spam; Be respectful; No hate,U01058,U02357,15366,False,2024-07-07
C061,test61,Test61 Community,Share southern week drug skill position hospital cover strong.,No spam; Be respectful; No hate,U00210,"U02329,U00036,U02643",183,False,2025-01-20
C062,avoid62,Avoid62 Community,White everybody throughout but science want charge kitchen public set.,No spam; Be respectful; No hate,U02406,"U02521,U02386",9788,False,2024-08-30
C063,activity63,Activity63 Community,Minute modern sign out discussion just state must particular.,No spam; Be respectful; No hate,U01895,"U02632,U02702,U01035",10198,False,2025-10-22
C064,class64,Class64 Community,They senior result themselves we American study eight.,No spam; Be respectful; No hate,U00178,"U01651,U02382",5632,False,2024-04-15
C065,produce65,Produce65 Community,International collection report tend maintain fact mission become rule where ten drop sure manager.,No spam; Be respectful; No hate,U01580,"U01407,U01167,U02680",7660,False,2024-12-17
C066,science66,Science66 Community,Instead point tend exactly right every edge meet information student work bar big.,No spam; Be respectful; No hate,U01453,"U00447,U02824,U01602",1065,False,2025-07-23
C067,sure67,Sure67 Community,Drug manager opportunity program billion sit remain night study heart million understand him own.,No spam; Be respectful; No hate,U01062,U01397,19046,False,2025-02-04
C068,performanc68,Performanc68 Community,Offer brother shake guess pull tough instead hour.,No spam; Be respectful; No hate,U00858,"U02113,U01350,U02567",18652,False,2024-12-24
C069,size69,Size69 Community,Girl small system of mission vote spend.,No spam; Be respectful; No hate,U02483,"U02345,U01758,U01491",16639,False,2024-12-15
C070,production70,Production70 Community,Protect agent note agency watch better turn soon rock support effect stand general.,No spam; Be respectful; No hate,U02079,U02753,16331,False,2025-06-01
C071,energy71,Energy71 Community,Land answer leader yard enjoy soldier decide side natural focus husband.,No spam; Be respectful; No hate,U02262,U01550,15678,False,2025-10-01
C072,happen72,Happen72 Community,Suddenly task free pattern science structure dinner stock big.,No spam; Be respectful; No hate,U00894,"U02774,U00160",16067,False,2025-06-22
C073,seven73,Seven73 Community,Police fine market control him enter religious go.,No spam; Be respectful; No hate,U00863,U01814,3256,False,2025-10-14
C074,sure74,Sure74 Community,Time senior where follow born ok training record night series Mrs huge receive.,No spam; Be respectful; No hate,U01909,"U01589,U00385",6384,False,2024-01-20
C075,decide75,Decide75 Community,Bed our theory identify enjoy respond mouth however.,No spam; Be respectful; No hate,U02630,"U00011,U02015,U02081",17567,False,2025-03-29
C076,will76,Will76 Community,Billion what sport thought family now bank yourself kind American nature property event.,No spam; Be respectful; No hate,U00642,U00782,6517,False,2025-01-24
C077,miss77,Miss77 Community,Street work early difficult possible democratic actually during again partner.,No spam; Be respectful; No hate,U01318,"U00056,U00968",6246,False,2025-04-01
C078,this78,This78 Community,Increase necessary nothing include summer ok physical thousand without section religious word sound.,No spam; Be respectful; No hate,U02475,"U00533,U02271",10962,False,2024-02-03
C079,everyone79,Everyone79 Community,Have tonight view floor ground when care team worry east Mrs can wonder.,No spam; Be respectful; No hate,U02983,U00919,2900,False,2024-04-17
C080,still80,Still80 Community,Remain movement bit step direction give reduce with start difference especially student least just.,No spam; Be respectful; No hate,U02800,"U01291,U00802",5247,False,2024-08-31
C081,perhaps81,Perhaps81 Community,Ask yet against large practice time live relationship as great western everybody edge.,No spam; Be respectful; No hate,U02845,"U02912,U01356,U00487",9380,False,2024-05-01
C082,watch82,Watch82 Community,Require make region wall worry Democrat laugh.,No spam; Be respectful; No hate,U01076,"U02827,U00220,U00772",4626,False,2024-07-09
C083,nothing83,Nothing83 Community,Form now then watch certain much race fire according participant Republican.,No spam; Be respectful; No hate,U01098,"U01996,U00307",9618,False,2025-04-20
C084,help84,Help84 Community,Build within pass morning room run eat own serve conference Congress power manager build become watch.,No spam; Be respectful; No hate,U01351,U02397,8013,False,2024-08-31
C085,painting85,Painting85 Community,Source high listen suggest consumer find concern involve edge before employee customer goal.,No spam; Be respectful; No hate,U01508,"U02847,U01850",1423,False,2024-04-25
C086,radio86,Radio86 Community,Fund sell model after paper word arrive health.,No spam; Be respectful; No hate,U00151,U01684,3770,False,2024-02-27
C087,concern87,Concern87 Community,White more above his agree toward nor.,No spam; Be respectful; No hate,U00797,"U01267,U01088",11861,False,2025-09-12
C088,town88,Town88 Community,Western country per consider despite generation the tree.,No spam; Be respectful; No hate,U01926,"U00456,U00656",3581,False,2024-07-12
C089,plan89,Plan89 Community,Off through relationship they concern chance standard air although Mr when wait.,No spam; Be respectful; No hate,U02715,"U00382,U02601,U00605",15700,False,2025-08-10
C090,surface90,Surface90 Community,Various blue raise operation cold between cover choice party front lawyer.,No spam; Be respectful; No hate,U00059,"U01331,U00122",14389,False,2024-03-21
C091,reason91,Reason91 Community,Story six want protect assume east center whether make some among around word lose such.,No spam; Be respectful; No hate,U00631,U00613,17778,False,2025-05-24
C092,receive92,Receive92 Community,Better mind professional fly month offer mother hour national cut fly language cup want international itself.,No spam; Be respectful; No hate,U02909,"U00109,U01494,U01582",9750,False,2025-03-08
C093,beautiful93,Beautiful93 Community,Agency bit night participant fill yeah side side recognize month among water film onto.,No spam; Be respectful; No hate,U02847,"U01018,U02750",193,False,2024-10-15
C094,we94,We94 Community,Myself political school move another field could who appear stay them school model condition he.,No spam; Be respectful; No hate,U01515,"U01394,U02379",10960,False,2024-11-12
C095,say95,Say95 Community,Treat better wear throughout Republican authority data.,No spam; Be respectful; No hate,U00870,"U01364,U01756,U00028",16424,False,2025-08-19
C096,design96,Design96 Community,Policy administration two deal ready under above drive sport story worker would step head study.,No spam; Be respectful; No hate,U02208,"U02754,U01277,U00887",7655,False,2025-01-14
C097,another97,Another97 Community,Center east protect think institution now tell phone daughter.,No spam; Be respectful; No hate,U01680,U02362,19730,False,2025-06-10
C098,unit98,Unit98 Community,Important act statement help successful couple single effect action realize among.,No spam; Be respectful; No hate,U01684,U00120,17074,False,2025-07-30
C099,speak99,Speak99 Community,Can ready audience boy city social at Mr cold science western resource reason expect.,No spam; Be respectful; No hate,U01001,"U02317,U01545",4706,False,2024-11-25
C100,few100,Few100 Community,Talk end set house those dark beat suffer customer million along.,No spam; Be respectful; No hate,U02306,U00753,6071,False,2025-03-14
C101,measure101,Measure101 Community,Born also hold base really attack job he.,No spam; Be respectful; No hate,U01820,"U01382,U02772",815,False,2024-12-21
C102,single102,Single102 Community,Kind shoulder production mean window shoulder right analysis add.,No spam; Be respectful; No hate,U02481,U01769,15196,True,2025-07-14
C103,claim103,Claim103 Community,Teacher economy compare left top argue herself water measure different physical from.,No spam; Be respectful; No hate,U00275,"U02778,U00442",5707,True,2024-06-09
C104,set104,Set104 Community,Agent key successful own explain claim natural fish born assume million admit result.,No spam; Be respectful; No hate,U02393,U01036,10186,False,2024-12-21
C105,shake105,Shake105 Community,Have century billion do high none sport shoulder build different pick nor.,No spam; Be respectful; No hate,U01788,"U01949,U00671,U00470",12580,False,2024-02-27
C106,back106,Back106 Community,Power treat visit population executive pattern last.,No spam; Be respectful; No hate,U02258,"U00794,U02810,U00974",7626,False,2025-05-08
C107,smile107,Smile107 Community,Raise partner generation write lawyer try check movie growth certain.,No spam; Be respectful; No hate,U00298,"U02443,U00646,U02368",12433,False,2025-04-18
C108,public108,Public108 Community,White home either civil science it feel amount improve.,No spam; Be respectful; No hate,U00601,U00011,11098,False,2025-01-08
C109,until109,Until109 Community,Surface would by phone decade image third leave laugh weight less full program card morning.,No spam; Be respectful; No hate,U00349,U00710,13743,True,2024-02-13
C110,else110,Else110 Community,Republican nothing way role six guy leg television society hear.,No spam; Be respectful; No hate,U02291,U00596,16791,False,2024-12-25
C111,food111,Food111 Community,Hotel like myself laugh toward what thank include current front.,No spam; Be respectful; No hate,U01821,"U01146,U00745,U01860",1824,False,2025-04-26
C112,voice112,Voice112 Community,Process view it wall agency deal note common worker.,No spam; Be respectful; No hate,U02293,"U02012,U02218",17595,False,2025-09-05
C113,response113,Response113 Community,Shoulder political offer song character first early school several main particular shake most physical along.,No spam; Be respectful; No hate,U00683,"U00596,U00255,U01640",6391,False,2025-06-22
C114,bill114,Bill114 Community,Beat across television apply system finish top data.,No spam; Be respectful; No hate,U02705,"U02842,U00106,U00325",5535,False,2025-03-24
C115,city115,City115 Community,Film at perhaps firm toward land full compare field sort.,No spam; Be respectful; No hate,U02267,U01193,8526,False,2024-11-21
C116,collection116,Collection116 Community,Clear budget travel important no pick record example summer.,No spam; Be respectful; No hate,U01498,"U02375,U01328,U00563",8921,False,2024-01-11
C117,enjoy117,Enjoy117 Community,Professional chair knowledge sense career herself here color.,No spam; Be respectful; No hate,U02326,"U02837,U00080",14028,False,2024-07-25
C118,again118,Again118 Community,Read stand us once consider thus wife water note those write though attention career feel hour.,No spam; Be respectful; No hate,U01803,U02846,8473,False,2024-09-23
C119,citizen119,Citizen119 Community,Year social protect which fly represent we bar.,No spam; Be respectful; No hate,U00725,"U01889,U00891",14895,False,2025-06-23
C120,player120,Player120 Community,Administration through individual college surface court exactly minute trouble majority town appear draw fill.,No spam; Be respectful; No hate,U01027,"U02027,U02243",17624,False,2024-12-08
C121,list121,List121 Community,Front evening yet prevent process four all the unit action off few current.,No spam; Be respectful; No hate,U00015,"U02864,U02483,U01117",13700,False,2024-12-29
C122,many122,Many122 Community,Home receive establish heart happen mention year interesting religious car get energy.,No spam; Be respectful; No hate,U01877,U01778,2881,False,2025-04-22
C123,data123,Data123 Community,Example bar last public south tree technology time age campaign seven drug computer assume.,No spam; Be respectful; No hate,U02106,"U02485,U01859,U00628",17933,False,2024-11-05
C124,owner124,Owner124 Community,Single tell act add southern thank pay choose personal the.,No spam; Be respectful; No hate,U02140,U02453,4517,False,2024-04-23
C125,magazine125,Magazine125 Community,Them skill black business region current second ball begin week about social do anyone bag fly.,No spam; Be respectful; No hate,U01643,"U02948,U00292,U02898",12425,False,2024-12-05
C126,next126,Next126 Community,Live culture write painting control explain put ten article continue.,No spam; Be respectful; No hate,U00110,U01400,6468,False,2024-02-27
C127,according127,According127 Community,Compare culture century my win record reflect away.,No spam; Be respectful; No hate,U02644,"U01738,U00137,U01371",12737,False,2024-11-04
C128,culture128,Culture128 Community,Series direction house structure father include political design economy general drive according.,No spam; Be respectful; No hate,U02224,"U00044,U00825,U00305",13203,False,2025-01-01
C129,voice129,Voice129 Community,Example claim article management total art sense involve purpose together knowledge.,No spam; Be respectful; No hate,U02365,"U02605,U00263",4779,False,2025-02-10
C130,size130,Size130 Community,Five sign trial recently painting where notice road.,No spam; Be respectful; No hate,U00782,U00714,8651,False,2025-06-15
C131,from131,From131 Community,Group specific have feel major national seat direction color real important they food someone.,No spam; Be respectful; No hate,U01479,U01529,8899,False,2024-11-05
C132,you132,You132 Community,Less tonight laugh center seek information agency cause first wrong place human add.,No spam; Be respectful; No hate,U00074,U02363,19839,False,2025-04-24
C133,strong133,Strong133 Community,Character watch describe administration line even cup market citizen.,No spam; Be respectful; No hate,U02279,"U01072,U02279,U00081",17164,False,2025-06-29
C134,themselves134,Themselves134 Community,Everyone couple parent material itself surface maintain program government black well relationship part center million.,No spam; Be respectful; No hate,U00486,"U00005,U02836",16907,False,2025-06-16
C135,miss135,Miss135 Community,Indicate actually final city piece range investment business can example.,No spam; Be respectful; No hate,U01640,"U00421,U01504",5638,True,2024-12-28
C136,share136,Share136 Community,Southern ten hard wife as language indicate decide for do the fine.,No spam; Be respectful; No hate,U02658,U02968,1846,False,2024-08-09
C137,whole137,Whole137 Community,Skill never officer former create camera focus plan wife director or down standard major.,No spam; Be respectful; No hate,U00239,"U00927,U00922",13964,False,2025-03-25
C138,many138,Many138 Community,Finish thing his chance focus more leg.,No spam; Be respectful; No hate,U01528,"U01814,U02446,U01554",14894,False,2025-05-18
C139,wear139,Wear139 Community,At hope cover show Republican hair sing listen development able green.,No spam; Be respectful; No hate,U01203,"U00341,U02744",1809,False,2024-02-22
C140,pressure140,Pressure140 Community,No situation what machine fire third customer specific could type painting fast art those.,No spam; Be respectful; No hate,U00376,U02338,66,False,2024-12-30
C141,need141,Need141 Community,Executive so institution stand action end century agent prepare several bad let travel challenge.,No spam; Be respectful; No hate,U00209,U02034,18245,False,2024-01-22
C142,process142,Process142 Community,New order serve blue event every relationship law clear campaign what buy.,No spam; Be respectful; No hate,U02976,U00049,12247,True,2024-09-27
C143,trip143,Trip143 Community,Need hard firm result nearly pick position how force structure alone executive.,No spam; Be respectful; No hate,U02725,"U02316,U01940",5406,False,2025-05-01
C144,others144,Others144 Community,Always memory reveal require market until cause bill clear research begin growth ground ball gas.,No spam; Be respectful; No hate,U00941,"U02797,U02531,U00720",1123,False,2025-06-07
C145,available145,Available145 Community,Hundred artist indicate smile reason nature become debate city several than dinner argue raise.,No spam; Be respectful; No hate,U00706,"U01928,U01493,U02558",19810,False,2025-05-18
C146,agent146,Agent146 Community,Poor recently long among serve wear west.,No spam; Be respectful; No hate,U01888,"U02838,U02679,U02719",10986,False,2025-04-10
C147,certain147,Certain147 Community,Floor hold plant how member face age resource increase attack customer along director man.,No spam; Be respectful; No hate,U01730,"U02438,U01849",10182,False,2025-08-13
C148,happy148,Happy148 Community,Ok happy together clearly defense movie trip season.,No spam; Be respectful; No hate,U00685,"U00620,U01572",8501,False,2024-05-08
C149,father149,Father149 Community,News memory civil cut parent free force employee budget experience agreement.,No spam; Be respectful; No hate,U00231,"U00342,U01657",9363,False,2025-08-27
C150,player150,Player150 Community,Show daughter both hold blood value day service save fear ready Democrat order field less.,No spam; Be respectful; No hate,U02945,U01806,9609,True,2025-09-08
C151,raise151,Raise151 Community,Discover three such describe agency actually stop team deal water home force worker own close man.,No spam; Be respectful; No hate,U02786,"U00381,U00769",7860,False,2025-08-29
C152,option152,Option152 Community,Experience would tax eat pattern this system people tax water us field high nothing city apply.,No spam; Be respectful; No hate,U02510,U01820,13935,False,2024-11-03
C153,dinner153,Dinner153 Community,Wife score health evidence president father alone build center lead.,No spam; Be respectful; No hate,U02349,"U02491,U01833,U01554",17534,False,2025-06-09
C154,work154,Work154 Community,Build PM weight society they usually company both right lay.,No spam; Be respectful; No hate,U01544,U02172,10543,False,2025-08-18
C155,various155,Various155 Community,Reason event against none as reality democratic huge help also it letter company actually today prevent.,No spam; Be respectful; No hate,U00363,"U01234,U02453",1571,False,2025-02-08
C156,speech156,Speech156 Community,Report rest dark environment provide white could ready special yet analysis.,No spam; Be respectful; No hate,U01222,"U02964,U01602,U02115",16733,False,2024-07-30
C157,order157,Order157 Community,Next reflect social resource score expert because happen star name health top risk.,No spam; Be respectful; No hate,U02410,"U00143,U02112,U00239",6978,False,2025-09-11
C158,now158,Now158 Community,Fly police imagine oil head work should challenge pull.,No spam; Be respectful; No hate,U01383,"U01642,U00701,U01161",1528,False,2024-12-11
C159,visit159,Visit159 Community,Put imagine which beat education case under population late much quite threat gas truth.,No spam; Be respectful; No hate,U01047,"U01355,U00110",18561,False,2025-03-09
C160,process160,Process160 Community,Out music story city sometimes cause staff day really.,No spam; Be respectful; No hate,U01789,U00749,8518,False,2024-07-08
C161,beat161,Beat161 Community,Thing wrong name mind offer effort nearly walk science range skin major for.,No spam; Be respectful; No hate,U01300,U01808,19421,False,2024-03-31
C162,think162,Think162 Community,Nature house prevent hotel officer seek reach write difficult popular choose really.,No spam; Be respectful; No hate,U00371,"U00233,U02872,U02123",12237,False,2025-10-31
C163,some163,Some163 Community,Respond throw wide son manager trouble reason fill sense field.,No spam; Be respectful; No hate,U00291,"U01026,U01681,U02775",13953,False,2025-04-18
C164,determine164,Determine164 Community,Point week course administration fast debate still quite attack laugh budget war product action our.,No spam; Be respectful; No hate,U02269,"U02978,U01317,U02444",7336,False,2024-02-29
C165,gun165,Gun165 Community,Heart field people try play order quickly with matter goal eight list something.,No spam; Be respectful; No hate,U00995,"U02363,U01688",3909,False,2024-06-11
C166,soldier166,Soldier166 Community,Show institution onto thing we range yes here while service beautiful edge begin early store.,No spam; Be respectful; No hate,U00215,"U01860,U02963,U02845",6556,False,2025-06-22
C167,program167,Program167 Community,Lawyer see drop worker alone finally since take.,No spam; Be respectful; No hate,U02179,U00164,5168,False,2025-10-28
C168,direction168,Direction168 Community,Improve act campaign television sit very know maybe leg recent hold understand president any one recently.,No spam; Be respectful; No hate,U01715,"U00635,U01418",16281,False,2024-04-14
C169,military169,Military169 Community,Total fall clear face former body choice study current.,No spam; Be respectful; No hate,U00036,"U01360,U01215",17962,False,2025-09-30
C170,mention170,Mention170 Community,Accept simply southern town significant analysis consumer future raise suffer.,No spam; Be respectful; No hate,U02353,"U01984,U02245,U00418",4667,False,2025-10-25
C171,drop171,Drop171 Community,Space way break clearly car without painting age many some involve remain today.,No spam; Be respectful; No hate,U01155,"U02798,U01047",20000,False,2024-08-05
C172,home172,Home172 Community,Blood list everything newspaper institution assume enjoy we group husband try trade then building class.,No spam; Be respectful; No hate,U01831,"U01584,U00021",9706,False,2024-07-11
C173,own173,Own173 Community,Professor land you health enjoy at so control including.,No spam; Be respectful; No hate,U01867,U01974,17995,False,2025-06-13
C174,opportunit174,Opportunit174 Community,Discussion challenge card reduce action art small.,No spam; Be respectful; No hate,U01944,U00331,8643,False,2024-12-21
C175,budget175,Budget175 Community,Program one across they case TV team song country listen long between hold plant must.,No spam; Be respectful; No hate,U00751,"U01377,U02193",1603,False,2024-09-24
C176,summer176,Summer176 Community,Certainly camera member technology attention message would not.,No spam; Be respectful; No hate,U00591,"U00742,U01736,U01827",14070,False,2025-01-26
C177,employee177,Employee177 Community,Send style gun different energy arrive it that sister agree public us hospital paper term security.,No spam; Be respectful; No hate,U02124,"U02535,U01864,U02416",17802,False,2024-12-31
C178,care178,Care178 Community,Past so thousand position sense church out explain significant item all at be through.,No spam; Be respectful; No hate,U01355,"U01142,U01350",16850,False,2024-12-17
C179,child179,Child179 Community,Hard hotel let southern true field movement.,No spam; Be respectful; No hate,U01208,U00966,9147,True,2025-04-19
C180,general180,General180 Community,Talk like maintain serious style operation nice radio out skill case.,No spam; Be respectful; No hate,U00558,"U02381,U02835,U00873",13679,False,2024-01-03
C181,green181,Green181 Community,Reality window mouth pattern as pick various themselves.,No spam; Be respectful; No hate,U02832,"U02467,U01782",6013,False,2024-09-15
C182,phone182,Phone182 Community,Direction unit food dream course win court friend put everything our prove could party skin.,No spam; Be respectful; No hate,U02718,U02861,19102,False,2024-10-19
C183,suffer183,Suffer183 Community,Couple rather Republican need daughter leg minute bring reveal factor east.,No spam; Be respectful; No hate,U01021,"U02470,U00112,U00455",5069,False,2025-10-15
C184,piece184,Piece184 Community,Consumer positive market early machine establish nothing Mr chair paper education whom.,No spam; Be respectful; No hate,U02163,"U01207,U01961",19843,False,2025-07-12
C185,tax185,Tax185 Community,Worker about country various until lawyer yard on everyone note current anything into word other.,No spam; Be respectful; No hate,U02741,"U01668,U00487",2340,False,2024-11-14
C186,maybe186,Maybe186 Community,Hit budget Congress guess soon approach suggest everyone nature environmental six understand rather.,No spam; Be respectful; No hate,U02271,"U00558,U02889",4385,False,2024-07-05
C187,democratic187,Democratic187 Community,Through note act front person everyone involve.,No spam; Be respectful; No hate,U00255,"U00116,U02693",13776,False,2024-07-14
C188,during188,During188 Community,Peace number environment need subject charge network first detail south.,No spam; Be respectful; No hate,U02124,U01295,7654,False,2024-01-28
C189,thank189,Thank189 Community,Data pattern west before science without especially main believe suddenly determine least close.,No spam; Be respectful; No hate,U00538,"U00535,U01842,U02604",9864,False,2024-02-11
C190,consumer190,Consumer190 Community,Evidence about provide itself team support land discussion suggest impact.,No spam; Be respectful; No hate,U00874,"U02766,U00722",16173,False,2024-11-17
C191,life191,Life191 Community,Character thousand sure seek age share day pull job themselves garden again medical.,No spam; Be respectful; No hate,U02604,"U00664,U01165,U01222",15010,False,2024-09-30
C192,important192,Important192 Community,Paper health region over recognize help small debate fire if eat fact discuss.,No spam; Be respectful; No hate,U01714,U00257,3495,False,2024-02-29
C193,plan193,Plan193 Community,Whether rather none population ask require against occur growth after job knowledge interest join.,No spam; Be respectful; No hate,U00859,"U02862,U00059,U02014",17893,False,2025-03-09
C194,happen194,Happen194 Community,Especially treatment employee citizen despite one military most cultural already.,No spam; Be respectful; No hate,U02000,"U00195,U01619,U01705",2591,False,2024-08-20
C195,I195,I195 Community,Answer direction religious city past need economy moment effort chance center job.,No spam; Be respectful; No hate,U01421,"U02092,U01358,U02104",13201,False,2024-10-01
C196,truth196,Truth196 Community,Director find minute discussion begin appear pressure six west.,No spam; Be respectful; No hate,U01774,"U02903,U01215",2668,False,2024-01-23
C197,year197,Year197 Community,Explain like institution collection admit which owner baby significant.,No spam; Be respectful; No hate,U00677,"U02257,U02788,U02140",5817,False,2024-02-29
C198,exist198,Exist198 Community,Move single network hard condition move cost skin for.,No spam; Be respectful; No hate,U00702,"U02144,U02888,U02214",12542,False,2024-02-02
C199,Congress199,Congress199 Community,Message again mean arm career answer choose car technology strong off.,No spam; Be respectful; No hate,U01295,"U01117,U01598,U02414",19898,False,2024-08-28
C200,family200,Family200 Community,Early compare body eat policy senior attack help a leave sometimes quality house must.,No spam; Be respectful; No hate,U00720,"U02055,U00641,U02838",17502,False,2024-12-14
